document,page,why
Karnal__Assandh.pdf,23,21 of 29 panch rows carry no ward
Karnal__Assandh.pdf,29,16 of 31 panch rows carry no ward
Karnal__Chirao.pdf,11,17 of 30 panch rows carry no ward
Karnal__Kunjpura.pdf,15,15 of 27 panch rows carry no ward
Karnal__Nissing.pdf,9,15 of 22 panch rows carry no ward
Karnal__Nissing.pdf,10,18 of 28 panch rows carry no ward
Karnal__Nissing.pdf,11,22 of 28 panch rows carry no ward
Karnal__Nissing.pdf,12,17 of 29 panch rows carry no ward
Karnal__Nissing.pdf,13,20 of 30 panch rows carry no ward
Karnal__Nissing.pdf,14,21 of 27 panch rows carry no ward
Karnal__Nissing.pdf,15,15 of 24 panch rows carry no ward
Karnal__Nissing.pdf,16,19 of 28 panch rows carry no ward
Karnal__Nissing.pdf,17,15 of 21 panch rows carry no ward
Palwal__Prithla.pdf,1,10 of 10 panch rows carry no ward
Palwal__Prithla.pdf,2,29 of 29 panch rows carry no ward
Palwal__Prithla.pdf,3,30 of 30 panch rows carry no ward
Palwal__Prithla.pdf,4,30 of 30 panch rows carry no ward
Palwal__Prithla.pdf,5,27 of 27 panch rows carry no ward
Palwal__Prithla.pdf,6,30 of 30 panch rows carry no ward
Palwal__Prithla.pdf,7,32 of 32 panch rows carry no ward
Palwal__Prithla.pdf,8,31 of 31 panch rows carry no ward
Palwal__Prithla.pdf,9,28 of 28 panch rows carry no ward
Palwal__Prithla.pdf,10,30 of 30 panch rows carry no ward
Palwal__Prithla.pdf,11,29 of 29 panch rows carry no ward
Palwal__Prithla.pdf,12,30 of 30 panch rows carry no ward
Palwal__Prithla.pdf,13,22 of 22 panch rows carry no ward
